{
	"id": "62fdcc0d-0d98-4c2c-b60b-227b9b3ebdc7",
	"name": "Launch robots",
	"values": [
		{
			"key": "orchestrator_url",
			"value": "https://10.0.0.1:44392",
			"type": "default",
			"enabled": true
		},
		{
			"key": "login",
			"value": "Admin",
			"type": "default",
			"enabled": true
		},
		{
			"key": "password",
			"value": "Qwe123!@#",
			"type": "default",
			"enabled": true
		},
		{
			"key": "token",
			"value": "",
			"type": "default",
			"enabled": true
		},
		{
			"key": "project_id",
			"value": "1",
			"type": "default",
			"enabled": true
		},
		{
			"key": "schedule_id",
			"value": "1",
			"type": "default",
			"enabled": true
		},
		{
			"key": "assignment_id",
			"value": "1",
			"type": "default",
			"enabled": true
		}
	],
	"_postman_variable_scope": "environment",
	"_postman_exported_at": "2024-12-20T08:45:35.504Z",
	"_postman_exported_using": "Postman/11.23.3"
}