{
	"info": {
		"_postman_id": "1f9bad1a-a725-4fe4-bec5-4ecbd436fcd5",
		"name": "Launch robots",
		"schema": "https://schema.getpostman.com/json/collection/v2.0.0/collection.json",
		"_exporter_id": "23802847"
	},
	"item": [
		{
			"name": "Auth",
			"event": [
				{
					"listen": "test",
					"script": {
						"exec": [
							"var jsonData = JSON.parse(responseBody);",
							"postman.setEnvironmentVariable(\"token\", jsonData.token);"
						],
						"type": "text/javascript",
						"packages": {}
					}
				}
			],
			"request": {
				"method": "POST",
				"header": [
					{
						"key": "TenantId",
						"value": "",
						"type": "text"
					}
				],
				"body": {
					"mode": "raw",
					"raw": "{\n  \"userName\": \"{{login}}\",\n  \"password\": \"{{password}}\"\n}",
					"options": {
						"raw": {
							"language": "json"
						}
					}
				},
				"url": "{{orchestrator_url}}/api/account"
			},
			"response": []
		},
		{
			"name": "Get projects list",
			"request": {
				"auth": {
					"type": "bearer",
					"bearer": {
						"token": "{{token}}"
					}
				},
				"method": "GET",
				"header": [],
				"url": "{{orchestrator_url}}/api/RpaProjects/v2"
			},
			"response": []
		},
		{
			"name": "Project to queue",
			"request": {
				"auth": {
					"type": "bearer",
					"bearer": {
						"token": "{{token}}"
					}
				},
				"method": "PUT",
				"header": [],
				"url": "{{orchestrator_url}}/api/RpaProjectQueue/enqueue/{{project_id}}"
			},
			"response": []
		},
		{
			"name": "Get schedules list",
			"request": {
				"auth": {
					"type": "bearer",
					"bearer": {
						"token": "{{token}}"
					}
				},
				"method": "GET",
				"header": [],
				"url": "{{orchestrator_url}}/api/Schedules"
			},
			"response": []
		},
		{
			"name": "Add schedule",
			"event": [
				{
					"listen": "test",
					"script": {
						"exec": [
							"var jsonData = JSON.parse(responseBody);",
							"postman.setEnvironmentVariable(\"schedule_id\", jsonData.id);"
						],
						"type": "text/javascript",
						"packages": {}
					}
				}
			],
			"request": {
				"auth": {
					"type": "bearer",
					"bearer": {
						"token": "{{token}}"
					}
				},
				"method": "POST",
				"header": [],
				"body": {
					"mode": "raw",
					"raw": "{\n  \"name\": \"API_added_schedule\",\n  \"description\": \"This schedule add by orchestrator API\",\n  \"cronString\": \"0 0 17 * * ?\",\n  \"useProductionCalendar\": false\n}",
					"options": {
						"raw": {
							"language": "json"
						}
					}
				},
				"url": "{{orchestrator_url}}/api/Schedules"
			},
			"response": []
		},
		{
			"name": "Edit schedule",
			"event": [
				{
					"listen": "test",
					"script": {
						"exec": [
							""
						],
						"type": "text/javascript",
						"packages": {}
					}
				}
			],
			"request": {
				"auth": {
					"type": "bearer",
					"bearer": {
						"token": "{{token}}"
					}
				},
				"method": "PUT",
				"header": [],
				"body": {
					"mode": "raw",
					"raw": "{\n  \"name\": \"API_added_schedule\",\n  \"description\": \"This schedule add by orchestrator API\",\n  \"cronString\": \"0 0 18 * * ?\",\n  \"useProductionCalendar\": false\n}",
					"options": {
						"raw": {
							"language": "json"
						}
					}
				},
				"url": "{{orchestrator_url}}/api/Schedules/{{schedule_id}}"
			},
			"response": []
		},
		{
			"name": "Get assignments list",
			"request": {
				"auth": {
					"type": "bearer",
					"bearer": {
						"token": "{{token}}"
					}
				},
				"method": "GET",
				"header": [],
				"url": "{{orchestrator_url}}/api/Assignments/v2"
			},
			"response": []
		},
		{
			"name": "Add assignment",
			"event": [
				{
					"listen": "test",
					"script": {
						"exec": [
							""
						],
						"type": "text/javascript",
						"packages": {}
					}
				}
			],
			"request": {
				"auth": {
					"type": "bearer",
					"bearer": {
						"token": "{{token}}"
					}
				},
				"method": "POST",
				"header": [],
				"body": {
					"mode": "raw",
					"raw": "{\n  \"name\": \"API_added_assignment\",\n  \"description\": \"This assignment add by orchestrator API\",\n  \"scheduleId\": {{schedule_id}},\n  \"countRobots\": 0,\n  \"triggers\": [\n    {\n      \"id\": 0,\n      \"type\": 0,\n      \"scheduleId\": {{schedule_id}},\n      \"hardKill\": false\n    }\n  ],\n  \"automaticApplyActiveRpaProject\": true,\n  \"allowOverlay\": true,\n  \"rpaProjectId\": {{project_id}},\n  \"withTriggers\": true\n}",
					"options": {
						"raw": {
							"language": "json"
						}
					}
				},
				"url": "{{orchestrator_url}}/api/Assignments/v2"
			},
			"response": []
		}
	]
}