{
	"info": {
		"_postman_id": "ee51beb9-a505-4686-8b88-eadb807d4196",
		"name": "Project deploy",
		"schema": "https://schema.getpostman.com/json/collection/v2.0.0/collection.json",
		"_exporter_id": "23802847"
	},
	"item": [
		{
			"name": "Auth",
			"event": [
				{
					"listen": "test",
					"script": {
						"exec": [
							"var jsonData = JSON.parse(responseBody);",
							"postman.setEnvironmentVariable(\"token\", jsonData.token);"
						],
						"type": "text/javascript",
						"packages": {}
					}
				}
			],
			"request": {
				"method": "POST",
				"header": [
					{
						"key": "TenantId",
						"value": "",
						"type": "text"
					}
				],
				"body": {
					"mode": "raw",
					"raw": "{\n  \"userName\": \"{{login}}\",\n  \"password\": \"{{password}}\"\n}",
					"options": {
						"raw": {
							"language": "json"
						}
					}
				},
				"url": "{{orchestrator_url}}/api/account"
			},
			"response": []
		},
		{
			"name": "Archive GUID",
			"event": [
				{
					"listen": "test",
					"script": {
						"exec": [
							"var jsonData = JSON.parse(responseBody);",
							"postman.setEnvironmentVariable(\"arch_guid\", jsonData);"
						],
						"type": "text/javascript",
						"packages": {}
					}
				}
			],
			"request": {
				"auth": {
					"type": "bearer",
					"bearer": {
						"token": "{{token}}"
					}
				},
				"method": "GET",
				"header": [],
				"url": "{{orchestrator_url}}/api/RpaProjects/ArchiveGuid"
			},
			"response": []
		},
		{
			"name": "Add project archive",
			"request": {
				"auth": {
					"type": "bearer",
					"bearer": {
						"token": "{{token}}"
					}
				},
				"method": "POST",
				"header": [],
				"body": {
					"mode": "formdata",
					"formdata": [
						{
							"key": "file1",
							"type": "file",
							"src": "/run/user/1000/doc/18bb1d3/TestProject.zip"
						}
					]
				},
				"url": "{{orchestrator_url}}/api/RpaProjects/archive/{{arch_guid}}"
			},
			"response": []
		},
		{
			"name": "Add project",
			"event": [
				{
					"listen": "test",
					"script": {
						"exec": [
							"var jsonData = JSON.parse(responseBody);",
							"postman.setEnvironmentVariable(\"project_id\", jsonData.id);"
						],
						"type": "text/javascript",
						"packages": {}
					}
				}
			],
			"request": {
				"auth": {
					"type": "bearer",
					"bearer": {
						"token": "{{token}}"
					}
				},
				"method": "POST",
				"header": [
					{
						"key": "parentId",
						"value": "86",
						"type": "text",
						"disabled": true
					}
				],
				"body": {
					"mode": "raw",
					"raw": "{\n  \"name\": \"{{project_name}}\",\n  \"description\": \"\",\n  \"mainWorkflow\": \"Main.ltw\",\n  \"softPlatform\": \"2\",\n  \"runConfig\": \"0\",\n  \"runConfigCustom\": \"\",\n  \"mock\": true,\n  \"durationLevel\": \"0\",\n  \"robotDistrVersions\": \"\",\n  \"closeRDPSession\": true,\n  \"exclusiveLaunch\": true,\n  \"limitedLaunch\": 0,\n  \"noDuplicateDeferredQueue\": true,\n  \"sessionsReleaseDelay\": 0,\n  \"exclusiveSessionsRelease\": true,\n  \"fileId\": \"{{arch_guid}}\"\n}",
					"options": {
						"raw": {
							"language": "json"
						}
					}
				},
				"url": "{{orchestrator_url}}/api/RpaProjects/v2"
			},
			"response": []
		},
		{
			"name": "Add project version",
			"event": [
				{
					"listen": "test",
					"script": {
						"exec": [
							"var jsonData = JSON.parse(responseBody);",
							"postman.setEnvironmentVariable(\"project_id\", jsonData.id);"
						],
						"type": "text/javascript",
						"packages": {}
					}
				}
			],
			"request": {
				"auth": {
					"type": "bearer",
					"bearer": {
						"token": "{{token}}"
					}
				},
				"method": "POST",
				"header": [
					{
						"key": "parentId",
						"value": "86",
						"type": "text",
						"disabled": true
					}
				],
				"body": {
					"mode": "raw",
					"raw": "{\n  \"name\": \"{{project_name}}\",\n  \"description\": \"\",\n  \"mainWorkflow\": \"Main.ltw\",\n  \"softPlatform\": \"2\",\n  \"runConfig\": \"0\",\n  \"runConfigCustom\": \"\",\n  \"mock\": true,\n  \"durationLevel\": \"0\",\n  \"robotDistrVersions\": \"\",\n  \"closeRDPSession\": true,\n  \"exclusiveLaunch\": true,\n  \"limitedLaunch\": 0,\n  \"noDuplicateDeferredQueue\": true,\n  \"sessionsReleaseDelay\": 0,\n  \"exclusiveSessionsRelease\": true,\n  \"fileId\": \"{{arch_guid}}\"\n}",
					"options": {
						"raw": {
							"language": "json"
						}
					}
				},
				"url": {
					"raw": "{{orchestrator_url}}/api/RpaProjects/v2?parentid={{project_id}}",
					"host": [
						"{{orchestrator_url}}"
					],
					"path": [
						"api",
						"RpaProjects",
						"v2"
					],
					"query": [
						{
							"key": "parentid",
							"value": "{{project_id}}"
						}
					]
				}
			},
			"response": []
		}
	]
}