{
	"id": "4e142b49-da2d-4cd9-8a58-47244b4a81ae",
	"name": "Project deploy",
	"values": [
		{
			"key": "orchestrator_url",
			"value": "https://10.0.0.1:44392",
			"type": "default",
			"enabled": true
		},
		{
			"key": "login",
			"value": "Admin",
			"type": "default",
			"enabled": true
		},
		{
			"key": "password",
			"value": "Qwe123!@#",
			"type": "default",
			"enabled": true
		},
		{
			"key": "token",
			"value": "",
			"type": "default",
			"enabled": true
		},
		{
			"key": "arch_guid",
			"value": "",
			"type": "default",
			"enabled": true
		},
		{
			"key": "project_name",
			"value": "TestProject",
			"type": "default",
			"enabled": true
		},
		{
			"key": "project_id",
			"value": "",
			"type": "any",
			"enabled": true
		}
	],
	"_postman_variable_scope": "environment",
	"_postman_exported_at": "2024-12-20T08:45:10.688Z",
	"_postman_exported_using": "Postman/11.23.3"
}